--
-- PostgreSQL database dump
--

-- Dumped from database version 14.18 (Ubuntu 14.18-1.pgdg25.04+1)
-- Dumped by pg_dump version 14.18 (Ubuntu 14.18-1.pgdg25.04+1)

SET statement_timeout = 0;
SET lock_timeout = 0;
SET idle_in_transaction_session_timeout = 0;
SET client_encoding = 'UTF8';
SET standard_conforming_strings = on;
SELECT pg_catalog.set_config('search_path', '', false);
SET check_function_bodies = false;
SET xmloption = content;
SET client_min_messages = warning;
SET row_security = off;

SET default_tablespace = '';

SET default_table_access_method = heap;

--
-- Name: ApplicationDaysOfWeek; Type: TABLE; Schema: public; Owner: postgres
--

CREATE TABLE public."ApplicationDaysOfWeek" (
    "Id" integer NOT NULL,
    "Name" text NOT NULL,
    "Abbreviation" text DEFAULT ''::text NOT NULL
);


ALTER TABLE public."ApplicationDaysOfWeek" OWNER TO postgres;

--
-- Name: ApplicationDaysOfWeek_Id_seq; Type: SEQUENCE; Schema: public; Owner: postgres
--

ALTER TABLE public."ApplicationDaysOfWeek" ALTER COLUMN "Id" ADD GENERATED BY DEFAULT AS IDENTITY (
    SEQUENCE NAME public."ApplicationDaysOfWeek_Id_seq"
    START WITH 1
    INCREMENT BY 1
    NO MINVALUE
    NO MAXVALUE
    CACHE 1
);


--
-- Name: GroupSubjects; Type: TABLE; Schema: public; Owner: postgres
--

CREATE TABLE public."GroupSubjects" (
    "GroupId" integer NOT NULL,
    "TeacherId" integer NOT NULL,
    "SubjectId" integer NOT NULL
);


ALTER TABLE public."GroupSubjects" OWNER TO postgres;

--
-- Name: Groups; Type: TABLE; Schema: public; Owner: postgres
--

CREATE TABLE public."Groups" (
    "Id" integer NOT NULL,
    "Name" text NOT NULL
);


ALTER TABLE public."Groups" OWNER TO postgres;

--
-- Name: Groups_Id_seq; Type: SEQUENCE; Schema: public; Owner: postgres
--

ALTER TABLE public."Groups" ALTER COLUMN "Id" ADD GENERATED BY DEFAULT AS IDENTITY (
    SEQUENCE NAME public."Groups_Id_seq"
    START WITH 1
    INCREMENT BY 1
    NO MINVALUE
    NO MAXVALUE
    CACHE 1
);


--
-- Name: InfoTypes; Type: TABLE; Schema: public; Owner: postgres
--

CREATE TABLE public."InfoTypes" (
    "Id" integer NOT NULL,
    "Name" text NOT NULL
);


ALTER TABLE public."InfoTypes" OWNER TO postgres;

--
-- Name: InfoTypes_Id_seq; Type: SEQUENCE; Schema: public; Owner: postgres
--

ALTER TABLE public."InfoTypes" ALTER COLUMN "Id" ADD GENERATED BY DEFAULT AS IDENTITY (
    SEQUENCE NAME public."InfoTypes_Id_seq"
    START WITH 1
    INCREMENT BY 1
    NO MINVALUE
    NO MAXVALUE
    CACHE 1
);


--
-- Name: OverrideTypes; Type: TABLE; Schema: public; Owner: postgres
--

CREATE TABLE public."OverrideTypes" (
    "Id" integer NOT NULL,
    "Name" text NOT NULL
);


ALTER TABLE public."OverrideTypes" OWNER TO postgres;

--
-- Name: OverrideTypes_Id_seq; Type: SEQUENCE; Schema: public; Owner: postgres
--

ALTER TABLE public."OverrideTypes" ALTER COLUMN "Id" ADD GENERATED BY DEFAULT AS IDENTITY (
    SEQUENCE NAME public."OverrideTypes_Id_seq"
    START WITH 1
    INCREMENT BY 1
    NO MINVALUE
    NO MAXVALUE
    CACHE 1
);


--
-- Name: Pairs; Type: TABLE; Schema: public; Owner: postgres
--

CREATE TABLE public."Pairs" (
    "Id" integer NOT NULL,
    "Number" integer NOT NULL,
    "StartTime" time without time zone NOT NULL,
    "EndTime" time without time zone NOT NULL
);


ALTER TABLE public."Pairs" OWNER TO postgres;

--
-- Name: Pairs_Id_seq; Type: SEQUENCE; Schema: public; Owner: postgres
--

ALTER TABLE public."Pairs" ALTER COLUMN "Id" ADD GENERATED BY DEFAULT AS IDENTITY (
    SEQUENCE NAME public."Pairs_Id_seq"
    START WITH 1
    INCREMENT BY 1
    NO MINVALUE
    NO MAXVALUE
    CACHE 1
);


--
-- Name: Regions; Type: TABLE; Schema: public; Owner: postgres
--

CREATE TABLE public."Regions" (
    "Id" integer NOT NULL,
    "Name" text DEFAULT ''::text NOT NULL,
    "TimeZoneId" text DEFAULT ''::text NOT NULL
);


ALTER TABLE public."Regions" OWNER TO postgres;

--
-- Name: Regions_Id_seq; Type: SEQUENCE; Schema: public; Owner: postgres
--

ALTER TABLE public."Regions" ALTER COLUMN "Id" ADD GENERATED BY DEFAULT AS IDENTITY (
    SEQUENCE NAME public."Regions_Id_seq"
    START WITH 1
    INCREMENT BY 1
    NO MINVALUE
    NO MAXVALUE
    CACHE 1
);


--
-- Name: Schedule; Type: TABLE; Schema: public; Owner: postgres
--

CREATE TABLE public."Schedule" (
    "Id" integer NOT NULL,
    "ApplicationDayOfWeekId" integer NOT NULL,
    "PairId" integer NOT NULL,
    "GroupId" integer NOT NULL,
    "TeacherId" integer NOT NULL,
    "SubjectId" integer NOT NULL,
    "IsEvenWeek" boolean NOT NULL,
    "SemesterId" integer NOT NULL
);


ALTER TABLE public."Schedule" OWNER TO postgres;

--
-- Name: ScheduleOverrides; Type: TABLE; Schema: public; Owner: postgres
--

CREATE TABLE public."ScheduleOverrides" (
    "Id" integer NOT NULL,
    "OverrideDate" timestamp with time zone NOT NULL,
    "OverrideTypeId" integer NOT NULL,
    "SubstituteDayOfWeekId" integer,
    "GroupId" integer,
    "Description" text
);


ALTER TABLE public."ScheduleOverrides" OWNER TO postgres;

--
-- Name: ScheduleOverrides_Id_seq; Type: SEQUENCE; Schema: public; Owner: postgres
--

ALTER TABLE public."ScheduleOverrides" ALTER COLUMN "Id" ADD GENERATED BY DEFAULT AS IDENTITY (
    SEQUENCE NAME public."ScheduleOverrides_Id_seq"
    START WITH 1
    INCREMENT BY 1
    NO MINVALUE
    NO MAXVALUE
    CACHE 1
);


--
-- Name: Schedule_Id_seq; Type: SEQUENCE; Schema: public; Owner: postgres
--

ALTER TABLE public."Schedule" ALTER COLUMN "Id" ADD GENERATED BY DEFAULT AS IDENTITY (
    SEQUENCE NAME public."Schedule_Id_seq"
    START WITH 1
    INCREMENT BY 1
    NO MINVALUE
    NO MAXVALUE
    CACHE 1
);


--
-- Name: Semesters; Type: TABLE; Schema: public; Owner: postgres
--

CREATE TABLE public."Semesters" (
    "Id" integer NOT NULL,
    "StartDate" timestamp with time zone NOT NULL,
    "EndDate" timestamp with time zone NOT NULL
);


ALTER TABLE public."Semesters" OWNER TO postgres;

--
-- Name: Semesters_Id_seq; Type: SEQUENCE; Schema: public; Owner: postgres
--

ALTER TABLE public."Semesters" ALTER COLUMN "Id" ADD GENERATED BY DEFAULT AS IDENTITY (
    SEQUENCE NAME public."Semesters_Id_seq"
    START WITH 1
    INCREMENT BY 1
    NO MINVALUE
    NO MAXVALUE
    CACHE 1
);


--
-- Name: SocialMediaTypes; Type: TABLE; Schema: public; Owner: postgres
--

CREATE TABLE public."SocialMediaTypes" (
    "Id" integer NOT NULL,
    "Name" text NOT NULL
);


ALTER TABLE public."SocialMediaTypes" OWNER TO postgres;

--
-- Name: SocialMediaTypes_Id_seq; Type: SEQUENCE; Schema: public; Owner: postgres
--

ALTER TABLE public."SocialMediaTypes" ALTER COLUMN "Id" ADD GENERATED BY DEFAULT AS IDENTITY (
    SEQUENCE NAME public."SocialMediaTypes_Id_seq"
    START WITH 1
    INCREMENT BY 1
    NO MINVALUE
    NO MAXVALUE
    CACHE 1
);


--
-- Name: SubjectInfos; Type: TABLE; Schema: public; Owner: postgres
--

CREATE TABLE public."SubjectInfos" (
    "SubjectId" integer NOT NULL,
    "InfoTypeId" integer NOT NULL,
    "Value" text NOT NULL
);


ALTER TABLE public."SubjectInfos" OWNER TO postgres;

--
-- Name: SubjectTypes; Type: TABLE; Schema: public; Owner: postgres
--

CREATE TABLE public."SubjectTypes" (
    "Id" integer NOT NULL,
    "Name" text NOT NULL,
    "Abbreviation" text DEFAULT ''::text NOT NULL
);


ALTER TABLE public."SubjectTypes" OWNER TO postgres;

--
-- Name: SubjectTypes_Id_seq; Type: SEQUENCE; Schema: public; Owner: postgres
--

ALTER TABLE public."SubjectTypes" ALTER COLUMN "Id" ADD GENERATED BY DEFAULT AS IDENTITY (
    SEQUENCE NAME public."SubjectTypes_Id_seq"
    START WITH 1
    INCREMENT BY 1
    NO MINVALUE
    NO MAXVALUE
    CACHE 1
);


--
-- Name: Subjects; Type: TABLE; Schema: public; Owner: postgres
--

CREATE TABLE public."Subjects" (
    "Id" integer NOT NULL,
    "Name" text NOT NULL,
    "SubjectTypeId" integer NOT NULL,
    "Abbreviation" text DEFAULT ''::text NOT NULL,
    "ShortName" text DEFAULT ''::text NOT NULL
);


ALTER TABLE public."Subjects" OWNER TO postgres;

--
-- Name: Subjects_Id_seq; Type: SEQUENCE; Schema: public; Owner: postgres
--

ALTER TABLE public."Subjects" ALTER COLUMN "Id" ADD GENERATED BY DEFAULT AS IDENTITY (
    SEQUENCE NAME public."Subjects_Id_seq"
    START WITH 1
    INCREMENT BY 1
    NO MINVALUE
    NO MAXVALUE
    CACHE 1
);


--
-- Name: TeacherInfos; Type: TABLE; Schema: public; Owner: postgres
--

CREATE TABLE public."TeacherInfos" (
    "TeacherId" integer NOT NULL,
    "InfoTypeId" integer NOT NULL,
    "Value" text NOT NULL
);


ALTER TABLE public."TeacherInfos" OWNER TO postgres;

--
-- Name: TeacherSubjects; Type: TABLE; Schema: public; Owner: postgres
--

CREATE TABLE public."TeacherSubjects" (
    "TeacherId" integer NOT NULL,
    "SubjectId" integer NOT NULL,
    "LessonUrl" text,
    "SocialMediaTypesId" integer
);


ALTER TABLE public."TeacherSubjects" OWNER TO postgres;

--
-- Name: Teachers; Type: TABLE; Schema: public; Owner: postgres
--

CREATE TABLE public."Teachers" (
    "Id" integer NOT NULL,
    "FirstName" text NOT NULL,
    "LastName" text NOT NULL,
    "MiddleName" text NOT NULL
);


ALTER TABLE public."Teachers" OWNER TO postgres;

--
-- Name: Teachers_Id_seq; Type: SEQUENCE; Schema: public; Owner: postgres
--

ALTER TABLE public."Teachers" ALTER COLUMN "Id" ADD GENERATED BY DEFAULT AS IDENTITY (
    SEQUENCE NAME public."Teachers_Id_seq"
    START WITH 1
    INCREMENT BY 1
    NO MINVALUE
    NO MAXVALUE
    CACHE 1
);


--
-- Name: Users; Type: TABLE; Schema: public; Owner: postgres
--

CREATE TABLE public."Users" (
    "Id" integer NOT NULL,
    "TelegramId" bigint,
    "GroupId" integer NOT NULL,
    "RegionId" integer NOT NULL,
    "IsAdmin" boolean NOT NULL,
    "Username" text
);


ALTER TABLE public."Users" OWNER TO postgres;

--
-- Name: Users_Id_seq; Type: SEQUENCE; Schema: public; Owner: postgres
--

ALTER TABLE public."Users" ALTER COLUMN "Id" ADD GENERATED BY DEFAULT AS IDENTITY (
    SEQUENCE NAME public."Users_Id_seq"
    START WITH 1
    INCREMENT BY 1
    NO MINVALUE
    NO MAXVALUE
    CACHE 1
);


--
-- Name: __EFMigrationsHistory; Type: TABLE; Schema: public; Owner: postgres
--

CREATE TABLE public."__EFMigrationsHistory" (
    "MigrationId" character varying(150) NOT NULL,
    "ProductVersion" character varying(32) NOT NULL
);


ALTER TABLE public."__EFMigrationsHistory" OWNER TO postgres;

--
-- Data for Name: ApplicationDaysOfWeek; Type: TABLE DATA; Schema: public; Owner: postgres
--

COPY public."ApplicationDaysOfWeek" ("Id", "Name", "Abbreviation") FROM stdin;
1	Понеділок	Пн.
2	Вівторок	Вт.
3	Середа	Ср.
4	Четвер	Чт.
5	П'ятниця	Пт.
6	Субота	Сб.
7	Неділя	Нд.
\.


--
-- Data for Name: GroupSubjects; Type: TABLE DATA; Schema: public; Owner: postgres
--

COPY public."GroupSubjects" ("GroupId", "TeacherId", "SubjectId") FROM stdin;
1	1	1
1	1	3
1	2	2
1	2	6
1	3	4
1	4	5
1	4	9
1	5	7
1	6	8
1	7	10
1	7	11
2	1	1
2	1	3
2	2	2
2	2	6
2	3	4
2	4	5
2	4	9
2	5	7
2	6	8
2	7	10
2	7	11
\.


--
-- Data for Name: Groups; Type: TABLE DATA; Schema: public; Owner: postgres
--

COPY public."Groups" ("Id", "Name") FROM stdin;
1	АТ-211
2	АТ-212
\.


--
-- Data for Name: InfoTypes; Type: TABLE DATA; Schema: public; Owner: postgres
--

COPY public."InfoTypes" ("Id", "Name") FROM stdin;
1	Email
2	Viber
3	Телефон
4	Сайт
5	PhotoUrl
6	Telegram
\.


--
-- Data for Name: OverrideTypes; Type: TABLE DATA; Schema: public; Owner: postgres
--

COPY public."OverrideTypes" ("Id", "Name") FROM stdin;
1	Скасування
2	Заміна
3	Перенос (заміщення дня)
\.


--
-- Data for Name: Pairs; Type: TABLE DATA; Schema: public; Owner: postgres
--

COPY public."Pairs" ("Id", "Number", "StartTime", "EndTime") FROM stdin;
1	1	05:00:00	06:35:00
2	2	06:50:00	08:25:00
3	3	08:40:00	10:15:00
4	4	10:30:00	12:05:00
\.


--
-- Data for Name: Regions; Type: TABLE DATA; Schema: public; Owner: postgres
--

COPY public."Regions" ("Id", "Name", "TimeZoneId") FROM stdin;
1	Україна (Київ)	Europe/Kyiv
2	Польща (Варшава)	Europe/Warsaw
3	Німеччина (Берлін)	Europe/Berlin
4	Чехія (Прага)	Europe/Prague
5	Литва (Вільнюс)	Europe/Vilnius
6	Румунія (Бухарест)	Europe/Bucharest
7	Велика Британія (Лондон)	Europe/London
8	Іспанія (Мадрид)	Europe/Madrid
9	Італія (Рим)	Europe/Rome
10	Канада/США (Східний, Торонто/Нью-Йорк)	America/Toronto
11	Канада/США (Тихоокеанський, Ванкувер/Лос-Анджелес)	America/Vancouver
12	Ізраїль (Тель-Авів)	Asia/Tel_Aviv
13	Всесвітній час (UTC)	UTC
\.


--
-- Data for Name: Schedule; Type: TABLE DATA; Schema: public; Owner: postgres
--

COPY public."Schedule" ("Id", "ApplicationDayOfWeekId", "PairId", "GroupId", "TeacherId", "SubjectId", "IsEvenWeek", "SemesterId") FROM stdin;
1	1	3	1	1	1	f	1
2	1	3	1	1	1	t	1
3	1	4	1	2	2	f	1
4	1	4	1	2	2	t	1
5	2	1	1	1	3	f	1
6	2	1	1	1	3	t	1
7	2	2	1	3	4	f	1
8	2	2	1	3	4	t	1
9	2	3	1	4	5	f	1
10	2	3	1	4	5	t	1
11	4	2	1	2	6	f	1
12	4	2	1	2	6	t	1
13	4	3	1	5	7	f	1
14	4	3	1	5	7	t	1
15	4	4	1	6	8	f	1
16	4	4	1	6	8	t	1
17	5	2	1	4	9	f	1
18	5	2	1	4	9	t	1
19	5	3	1	7	11	t	1
20	5	3	1	7	10	f	1
21	1	3	2	2	2	f	1
22	1	3	2	2	2	t	1
23	1	4	2	1	1	f	1
24	1	4	2	1	1	t	1
25	2	1	2	1	3	f	1
26	2	1	2	1	3	t	1
27	2	2	2	3	4	f	1
28	2	2	2	3	4	t	1
29	2	3	2	4	5	f	1
30	2	3	2	4	5	t	1
31	4	2	2	5	7	f	1
32	4	2	2	5	7	t	1
33	4	3	2	2	6	f	1
34	4	3	2	2	6	t	1
35	4	4	2	6	8	f	1
36	4	4	2	6	8	t	1
37	5	2	2	4	9	f	1
38	5	2	2	4	9	t	1
39	5	3	2	7	10	f	1
40	5	4	2	7	10	f	1
41	5	4	2	7	10	t	1
\.


--
-- Data for Name: ScheduleOverrides; Type: TABLE DATA; Schema: public; Owner: postgres
--

COPY public."ScheduleOverrides" ("Id", "OverrideDate", "OverrideTypeId", "SubstituteDayOfWeekId", "GroupId", "Description") FROM stdin;
1	2025-09-27 00:00:00+00	3	1	\N	Перенос занять за понеділок 08.09
2	2025-10-04 00:00:00+00	3	2	\N	Перенос занять за вівторок 09.09
3	2025-10-11 00:00:00+00	3	3	\N	Перенос занять за середу 10.09
4	2025-10-18 00:00:00+00	3	4	\N	Перенос занять за четвер 11.09
5	2025-10-25 00:00:00+00	3	5	\N	Перенос занять за п'ятницю 12.09
6	2025-11-01 00:00:00+00	3	1	\N	Перенос занять за понеділок 15.09
7	2025-11-08 00:00:00+00	3	2	\N	Перенос занять за вівторок 16.09
8	2025-11-15 00:00:00+00	3	3	\N	Перенос занять за середу 17.09
9	2025-11-22 00:00:00+00	3	4	\N	Перенос занять за четвер 18.09
10	2025-11-29 00:00:00+00	3	5	\N	Перенос занять за п'ятницю 19.09
\.


--
-- Data for Name: Semesters; Type: TABLE DATA; Schema: public; Owner: postgres
--

COPY public."Semesters" ("Id", "StartDate", "EndDate") FROM stdin;
1	2025-09-22 00:00:00+00	2025-12-12 23:59:59+00
\.


--
-- Data for Name: SocialMediaTypes; Type: TABLE DATA; Schema: public; Owner: postgres
--

COPY public."SocialMediaTypes" ("Id", "Name") FROM stdin;
1	Zoom
2	Google Meet
\.


--
-- Data for Name: SubjectInfos; Type: TABLE DATA; Schema: public; Owner: postgres
--

COPY public."SubjectInfos" ("SubjectId", "InfoTypeId", "Value") FROM stdin;
\.


--
-- Data for Name: SubjectTypes; Type: TABLE DATA; Schema: public; Owner: postgres
--

COPY public."SubjectTypes" ("Id", "Name", "Abbreviation") FROM stdin;
4	Лекція	лек.
5	Практичне заняття	практ.
6	Лабораторне заняття	лаб.
7	Семінар	сем.
8	Консультація	конс.
9	Екзамен	екз.
\.


--
-- Data for Name: Subjects; Type: TABLE DATA; Schema: public; Owner: postgres
--

COPY public."Subjects" ("Id", "Name", "SubjectTypeId", "Abbreviation", "ShortName") FROM stdin;
1	Сучасні системи керування	6	ССК	Суч. сист. кер.
2	Автоматизоване проєктування систем управління	6	АПСУ	Автомат. проєкт. сист. упр.
3	Сучасні системи керування	4	ССК	Суч. сист. кер.
4	Інтелектуальні системи	4	ІС	Інтелект. системи
5	Роботехнічні системи та комплекси	4	РСК	Роботех. сист. та компл.
6	Роботехнічні системи та компоненти	6	РСКм	Роботех. сист. та компон.
7	Інтелектуальні системи	6	ІС	Інтелект. системи
8	Іноземна мова та професійно спрямоване навчання	5	ІМПС	Іноз. мова та проф. спр.
9	Автоматизоване проєктування систем управління	4	АПСУ	Автомат. проєкт. сист. упр.
10	Наукові дослідження та винахідницька діяльність в IT галузі	5	НДВДІТ	Наук. досл. та винах. діялн. в IT-галузі
11	Наукові дослідження та винахідницька діяльність в IT галузі	4	НДВДІТ	Наук. досл. та винах. діялн. в IT-галузі
\.


--
-- Data for Name: TeacherInfos; Type: TABLE DATA; Schema: public; Owner: postgres
--

COPY public."TeacherInfos" ("TeacherId", "InfoTypeId", "Value") FROM stdin;
2	2	0636092522
2	1	luleonpro@gmail.com
7	1	v.a.cherednychenko@op.edu.ua
1	5	https://op.edu.ua/sites/default/files/styles/staffphoto/public/images/staff/photos/beglov-kostyantyn-vyacheslavovych/p.jpg?itok=
3	5	https://op.edu.ua/sites/default/files/styles/staffphoto/public/images/staff/photos/fomin-oleksandr-oleksiyovych/p.jpg?itok=VflpzdcF
4	5	https://op.edu.ua/sites/default/files/styles/staffphoto/public/images/staff/photos/polozhayenko-sergiy-anatoliyovych/p.jpg?itok=nxYu9Ahc
6	5	https://op.edu.ua/sites/default/files/styles/staffphoto/public/images/staff/photos/lebedyeva-olena-yuriyivna/p.jpg?itok=xP3ur6nD
7	5	https://op.edu.ua/sites/default/files/styles/staffphoto/public/images/staff/photos/cherednychenko-volodymyr-anatoliyovych/p.jpg?
8	5	https://op.edu.ua/sites/default/files/styles/staffphoto/public/images/staff/photos/speranskyy-viktor-oleksandrovych/p.jpg?itok=mOyFEFWi
8	1	speranskiyva@gmail.com
8	4	http://195.64.240.98/login/index.php
9	5	https://op.edu.ua/sites/default/files/styles/staffphoto/public/images/staff/photos/bobrikov-sergiy-oleksandrovych/p.jpg?itok=QP7K5Trv
9	1	bobrikov1932@gmail.com  
10	5	https://op.edu.ua/sites/default/files/styles/staffphoto/public/images/staff/photos/tostanovska-iryna-borysivna/p.jpg?itok=ZeqjN-xH
10	1	tostanovska@op.edu.ua  
11	5	https://op.edu.ua/sites/default/files/styles/staffphoto/public/images/staff/photos/lozhechnikov-vadym-feliksovych/p.jpg?itok=BV9TPvyP
11	3	+380504958708
11	1	fontan@te.net.ua  
12	5	https://op.edu.ua/sites/default/files/styles/staffphoto/public/images/staff/photos/pelyh-sergiy-mykolayovych/p.jpg?itok=CYmy040v
12	1	1@pelykh.net  
3	6	https://t.me/oofomin
8	6	https://t.me/Speranskyy
\.


--
-- Data for Name: TeacherSubjects; Type: TABLE DATA; Schema: public; Owner: postgres
--

COPY public."TeacherSubjects" ("TeacherId", "SubjectId", "LessonUrl", "SocialMediaTypesId") FROM stdin;
1	1	https://us04web.zoom.us/j/7224822091?pwd=UkRjRXZ3STJlRklJRHZ5bnQ4ZEgrUT09	1
1	3	https://us04web.zoom.us/j/7224822091?pwd=UkRjRXZ3STJlRklJRHZ5bnQ4ZEgrUT09	1
2	2	https://us04web.zoom.us/j/3016852019?pwd=L3QrdG1id1U2UnpwWFl2WkswOXRVdz09	1
2	6	https://us04web.zoom.us/j/3016852019?pwd=L3QrdG1id1U2UnpwWFl2WkswOXRVdz09	1
3	4	https://us02web.zoom.us/j/4889680394?pwd=ODk5Z1o0SGUxTFlSVlBTdTRzWTk0UT09	1
4	5	https://us04web.zoom.us/j/73768591813?pwd=lFUirqRgXG_QQoIsdkaWEn-BATSXgj.1	1
4	9	https://meet.google.com/vrh-hhjr-kgn	2
5	7	https://us02web.zoom.us/j/4889680394?pwd=ODk5Z1o0SGUxTFlSVlBTdTRzWTk0UT09	1
6	8	https://meet.google.com/ypn-jdur-ebc	2
7	10	https://meet.google.com/rrm-gffj-mko	2
7	11	https://meet.google.com/rrm-gffj-mko	2
\.


--
-- Data for Name: Teachers; Type: TABLE DATA; Schema: public; Owner: postgres
--

COPY public."Teachers" ("Id", "FirstName", "LastName", "MiddleName") FROM stdin;
1	Костянтин	Беглов	Вячеславович
2	Людмила	Прокоф'єва	Леонідівна
3	Олександр	Фомін	Олексійович
4	Сергій	Положаєнко	Анатолійович
5	Світлана	Григоренко	Миколаївна
6	Олена	Лебедєва	Вікторівна
7	Володимир	Чередніченко	Анатолійович
8	Віктор	Сперанський	Олександрович
9	Сергій	Бобріков	Олександрович
10	Ірина	Тостановська	Борисівна
11	Вадим	Ложечніков	Феліксович
12	Сергій	Пелих	Миколайович
\.


--
-- Data for Name: Users; Type: TABLE DATA; Schema: public; Owner: postgres
--

COPY public."Users" ("Id", "TelegramId", "GroupId", "RegionId", "IsAdmin", "Username") FROM stdin;
4	1014842089	2	1	f	oreo_killer
6	591278078	2	1	f	left_alex
7	1443750311	1	1	f	\N
10	1880250557	2	2	f	vzalxndr
12	964804554	1	1	f	aleii
\.


--
-- Data for Name: __EFMigrationsHistory; Type: TABLE DATA; Schema: public; Owner: postgres
--

COPY public."__EFMigrationsHistory" ("MigrationId", "ProductVersion") FROM stdin;
20250919205851_Initial	9.0.9
20250919223705_edit_dateTimePair_to_timeOnly	9.0.9
20250920091040_add_username_to_user	9.0.9
20250920145352_AddAbbreviationToSubjectType	9.0.9
20250920150744_AddAbbreviationToSubject	9.0.9
20250920151400_AddShortNameToSubject	9.0.9
20250920162436_EditScheduleUniqueKey	9.0.9
20250920170722_AddAbbreviationToDayOfWeek	9.0.9
20250920174617_UpdateRegionToUseTimeZoneId	9.0.9
\.


--
-- Name: ApplicationDaysOfWeek_Id_seq; Type: SEQUENCE SET; Schema: public; Owner: postgres
--

SELECT pg_catalog.setval('public."ApplicationDaysOfWeek_Id_seq"', 1, false);


--
-- Name: Groups_Id_seq; Type: SEQUENCE SET; Schema: public; Owner: postgres
--

SELECT pg_catalog.setval('public."Groups_Id_seq"', 2, true);


--
-- Name: InfoTypes_Id_seq; Type: SEQUENCE SET; Schema: public; Owner: postgres
--

SELECT pg_catalog.setval('public."InfoTypes_Id_seq"', 1, true);


--
-- Name: OverrideTypes_Id_seq; Type: SEQUENCE SET; Schema: public; Owner: postgres
--

SELECT pg_catalog.setval('public."OverrideTypes_Id_seq"', 1, false);


--
-- Name: Pairs_Id_seq; Type: SEQUENCE SET; Schema: public; Owner: postgres
--

SELECT pg_catalog.setval('public."Pairs_Id_seq"', 1, false);


--
-- Name: Regions_Id_seq; Type: SEQUENCE SET; Schema: public; Owner: postgres
--

SELECT pg_catalog.setval('public."Regions_Id_seq"', 13, true);


--
-- Name: ScheduleOverrides_Id_seq; Type: SEQUENCE SET; Schema: public; Owner: postgres
--

SELECT pg_catalog.setval('public."ScheduleOverrides_Id_seq"', 10, true);


--
-- Name: Schedule_Id_seq; Type: SEQUENCE SET; Schema: public; Owner: postgres
--

SELECT pg_catalog.setval('public."Schedule_Id_seq"', 41, true);


--
-- Name: Semesters_Id_seq; Type: SEQUENCE SET; Schema: public; Owner: postgres
--

SELECT pg_catalog.setval('public."Semesters_Id_seq"', 1, true);


--
-- Name: SocialMediaTypes_Id_seq; Type: SEQUENCE SET; Schema: public; Owner: postgres
--

SELECT pg_catalog.setval('public."SocialMediaTypes_Id_seq"', 1, false);


--
-- Name: SubjectTypes_Id_seq; Type: SEQUENCE SET; Schema: public; Owner: postgres
--

SELECT pg_catalog.setval('public."SubjectTypes_Id_seq"', 1, false);


--
-- Name: Subjects_Id_seq; Type: SEQUENCE SET; Schema: public; Owner: postgres
--

SELECT pg_catalog.setval('public."Subjects_Id_seq"', 11, true);


--
-- Name: Teachers_Id_seq; Type: SEQUENCE SET; Schema: public; Owner: postgres
--

SELECT pg_catalog.setval('public."Teachers_Id_seq"', 12, true);


--
-- Name: Users_Id_seq; Type: SEQUENCE SET; Schema: public; Owner: postgres
--

SELECT pg_catalog.setval('public."Users_Id_seq"', 12, true);


--
-- Name: ApplicationDaysOfWeek PK_ApplicationDaysOfWeek; Type: CONSTRAINT; Schema: public; Owner: postgres
--

ALTER TABLE ONLY public."ApplicationDaysOfWeek"
    ADD CONSTRAINT "PK_ApplicationDaysOfWeek" PRIMARY KEY ("Id");


--
-- Name: GroupSubjects PK_GroupSubjects; Type: CONSTRAINT; Schema: public; Owner: postgres
--

ALTER TABLE ONLY public."GroupSubjects"
    ADD CONSTRAINT "PK_GroupSubjects" PRIMARY KEY ("GroupId", "TeacherId", "SubjectId");


--
-- Name: Groups PK_Groups; Type: CONSTRAINT; Schema: public; Owner: postgres
--

ALTER TABLE ONLY public."Groups"
    ADD CONSTRAINT "PK_Groups" PRIMARY KEY ("Id");


--
-- Name: InfoTypes PK_InfoTypes; Type: CONSTRAINT; Schema: public; Owner: postgres
--

ALTER TABLE ONLY public."InfoTypes"
    ADD CONSTRAINT "PK_InfoTypes" PRIMARY KEY ("Id");


--
-- Name: OverrideTypes PK_OverrideTypes; Type: CONSTRAINT; Schema: public; Owner: postgres
--

ALTER TABLE ONLY public."OverrideTypes"
    ADD CONSTRAINT "PK_OverrideTypes" PRIMARY KEY ("Id");


--
-- Name: Pairs PK_Pairs; Type: CONSTRAINT; Schema: public; Owner: postgres
--

ALTER TABLE ONLY public."Pairs"
    ADD CONSTRAINT "PK_Pairs" PRIMARY KEY ("Id");


--
-- Name: Regions PK_Regions; Type: CONSTRAINT; Schema: public; Owner: postgres
--

ALTER TABLE ONLY public."Regions"
    ADD CONSTRAINT "PK_Regions" PRIMARY KEY ("Id");


--
-- Name: Schedule PK_Schedule; Type: CONSTRAINT; Schema: public; Owner: postgres
--

ALTER TABLE ONLY public."Schedule"
    ADD CONSTRAINT "PK_Schedule" PRIMARY KEY ("Id");


--
-- Name: ScheduleOverrides PK_ScheduleOverrides; Type: CONSTRAINT; Schema: public; Owner: postgres
--

ALTER TABLE ONLY public."ScheduleOverrides"
    ADD CONSTRAINT "PK_ScheduleOverrides" PRIMARY KEY ("Id");


--
-- Name: Semesters PK_Semesters; Type: CONSTRAINT; Schema: public; Owner: postgres
--

ALTER TABLE ONLY public."Semesters"
    ADD CONSTRAINT "PK_Semesters" PRIMARY KEY ("Id");


--
-- Name: SocialMediaTypes PK_SocialMediaTypes; Type: CONSTRAINT; Schema: public; Owner: postgres
--

ALTER TABLE ONLY public."SocialMediaTypes"
    ADD CONSTRAINT "PK_SocialMediaTypes" PRIMARY KEY ("Id");


--
-- Name: SubjectInfos PK_SubjectInfos; Type: CONSTRAINT; Schema: public; Owner: postgres
--

ALTER TABLE ONLY public."SubjectInfos"
    ADD CONSTRAINT "PK_SubjectInfos" PRIMARY KEY ("SubjectId", "InfoTypeId");


--
-- Name: SubjectTypes PK_SubjectTypes; Type: CONSTRAINT; Schema: public; Owner: postgres
--

ALTER TABLE ONLY public."SubjectTypes"
    ADD CONSTRAINT "PK_SubjectTypes" PRIMARY KEY ("Id");


--
-- Name: Subjects PK_Subjects; Type: CONSTRAINT; Schema: public; Owner: postgres
--

ALTER TABLE ONLY public."Subjects"
    ADD CONSTRAINT "PK_Subjects" PRIMARY KEY ("Id");


--
-- Name: TeacherInfos PK_TeacherInfos; Type: CONSTRAINT; Schema: public; Owner: postgres
--

ALTER TABLE ONLY public."TeacherInfos"
    ADD CONSTRAINT "PK_TeacherInfos" PRIMARY KEY ("TeacherId", "InfoTypeId");


--
-- Name: TeacherSubjects PK_TeacherSubjects; Type: CONSTRAINT; Schema: public; Owner: postgres
--

ALTER TABLE ONLY public."TeacherSubjects"
    ADD CONSTRAINT "PK_TeacherSubjects" PRIMARY KEY ("TeacherId", "SubjectId");


--
-- Name: Teachers PK_Teachers; Type: CONSTRAINT; Schema: public; Owner: postgres
--

ALTER TABLE ONLY public."Teachers"
    ADD CONSTRAINT "PK_Teachers" PRIMARY KEY ("Id");


--
-- Name: Users PK_Users; Type: CONSTRAINT; Schema: public; Owner: postgres
--

ALTER TABLE ONLY public."Users"
    ADD CONSTRAINT "PK_Users" PRIMARY KEY ("Id");


--
-- Name: __EFMigrationsHistory PK___EFMigrationsHistory; Type: CONSTRAINT; Schema: public; Owner: postgres
--

ALTER TABLE ONLY public."__EFMigrationsHistory"
    ADD CONSTRAINT "PK___EFMigrationsHistory" PRIMARY KEY ("MigrationId");


--
-- Name: IX_GroupSubjects_SubjectId; Type: INDEX; Schema: public; Owner: postgres
--

CREATE INDEX "IX_GroupSubjects_SubjectId" ON public."GroupSubjects" USING btree ("SubjectId");


--
-- Name: IX_GroupSubjects_TeacherId_SubjectId; Type: INDEX; Schema: public; Owner: postgres
--

CREATE INDEX "IX_GroupSubjects_TeacherId_SubjectId" ON public."GroupSubjects" USING btree ("TeacherId", "SubjectId");


--
-- Name: IX_Regions_TimeZoneId; Type: INDEX; Schema: public; Owner: postgres
--

CREATE UNIQUE INDEX "IX_Regions_TimeZoneId" ON public."Regions" USING btree ("TimeZoneId");


--
-- Name: IX_ScheduleOverrides_GroupId; Type: INDEX; Schema: public; Owner: postgres
--

CREATE INDEX "IX_ScheduleOverrides_GroupId" ON public."ScheduleOverrides" USING btree ("GroupId");


--
-- Name: IX_ScheduleOverrides_OverrideTypeId; Type: INDEX; Schema: public; Owner: postgres
--

CREATE INDEX "IX_ScheduleOverrides_OverrideTypeId" ON public."ScheduleOverrides" USING btree ("OverrideTypeId");


--
-- Name: IX_ScheduleOverrides_SubstituteDayOfWeekId; Type: INDEX; Schema: public; Owner: postgres
--

CREATE INDEX "IX_ScheduleOverrides_SubstituteDayOfWeekId" ON public."ScheduleOverrides" USING btree ("SubstituteDayOfWeekId");


--
-- Name: IX_Schedule_ApplicationDayOfWeekId_PairId_GroupId_IsEvenWeek; Type: INDEX; Schema: public; Owner: postgres
--

CREATE UNIQUE INDEX "IX_Schedule_ApplicationDayOfWeekId_PairId_GroupId_IsEvenWeek" ON public."Schedule" USING btree ("ApplicationDayOfWeekId", "PairId", "GroupId", "IsEvenWeek");


--
-- Name: IX_Schedule_GroupId; Type: INDEX; Schema: public; Owner: postgres
--

CREATE INDEX "IX_Schedule_GroupId" ON public."Schedule" USING btree ("GroupId");


--
-- Name: IX_Schedule_PairId; Type: INDEX; Schema: public; Owner: postgres
--

CREATE INDEX "IX_Schedule_PairId" ON public."Schedule" USING btree ("PairId");


--
-- Name: IX_Schedule_SemesterId; Type: INDEX; Schema: public; Owner: postgres
--

CREATE INDEX "IX_Schedule_SemesterId" ON public."Schedule" USING btree ("SemesterId");


--
-- Name: IX_Schedule_SubjectId; Type: INDEX; Schema: public; Owner: postgres
--

CREATE INDEX "IX_Schedule_SubjectId" ON public."Schedule" USING btree ("SubjectId");


--
-- Name: IX_Schedule_TeacherId; Type: INDEX; Schema: public; Owner: postgres
--

CREATE INDEX "IX_Schedule_TeacherId" ON public."Schedule" USING btree ("TeacherId");


--
-- Name: IX_Semesters_StartDate_EndDate; Type: INDEX; Schema: public; Owner: postgres
--

CREATE UNIQUE INDEX "IX_Semesters_StartDate_EndDate" ON public."Semesters" USING btree ("StartDate", "EndDate");


--
-- Name: IX_SubjectInfos_InfoTypeId; Type: INDEX; Schema: public; Owner: postgres
--

CREATE INDEX "IX_SubjectInfos_InfoTypeId" ON public."SubjectInfos" USING btree ("InfoTypeId");


--
-- Name: IX_Subjects_Name_SubjectTypeId; Type: INDEX; Schema: public; Owner: postgres
--

CREATE UNIQUE INDEX "IX_Subjects_Name_SubjectTypeId" ON public."Subjects" USING btree ("Name", "SubjectTypeId");


--
-- Name: IX_Subjects_SubjectTypeId; Type: INDEX; Schema: public; Owner: postgres
--

CREATE INDEX "IX_Subjects_SubjectTypeId" ON public."Subjects" USING btree ("SubjectTypeId");


--
-- Name: IX_TeacherInfos_InfoTypeId; Type: INDEX; Schema: public; Owner: postgres
--

CREATE INDEX "IX_TeacherInfos_InfoTypeId" ON public."TeacherInfos" USING btree ("InfoTypeId");


--
-- Name: IX_TeacherSubjects_SocialMediaTypesId; Type: INDEX; Schema: public; Owner: postgres
--

CREATE INDEX "IX_TeacherSubjects_SocialMediaTypesId" ON public."TeacherSubjects" USING btree ("SocialMediaTypesId");


--
-- Name: IX_TeacherSubjects_SubjectId; Type: INDEX; Schema: public; Owner: postgres
--

CREATE INDEX "IX_TeacherSubjects_SubjectId" ON public."TeacherSubjects" USING btree ("SubjectId");


--
-- Name: IX_Users_GroupId; Type: INDEX; Schema: public; Owner: postgres
--

CREATE INDEX "IX_Users_GroupId" ON public."Users" USING btree ("GroupId");


--
-- Name: IX_Users_RegionId; Type: INDEX; Schema: public; Owner: postgres
--

CREATE INDEX "IX_Users_RegionId" ON public."Users" USING btree ("RegionId");


--
-- Name: IX_Users_TelegramId; Type: INDEX; Schema: public; Owner: postgres
--

CREATE UNIQUE INDEX "IX_Users_TelegramId" ON public."Users" USING btree ("TelegramId");


--
-- Name: GroupSubjects FK_GroupSubjects_Groups_GroupId; Type: FK CONSTRAINT; Schema: public; Owner: postgres
--

ALTER TABLE ONLY public."GroupSubjects"
    ADD CONSTRAINT "FK_GroupSubjects_Groups_GroupId" FOREIGN KEY ("GroupId") REFERENCES public."Groups"("Id") ON DELETE CASCADE;


--
-- Name: GroupSubjects FK_GroupSubjects_Subjects_SubjectId; Type: FK CONSTRAINT; Schema: public; Owner: postgres
--

ALTER TABLE ONLY public."GroupSubjects"
    ADD CONSTRAINT "FK_GroupSubjects_Subjects_SubjectId" FOREIGN KEY ("SubjectId") REFERENCES public."Subjects"("Id") ON DELETE RESTRICT;


--
-- Name: GroupSubjects FK_GroupSubjects_TeacherSubjects_TeacherId_SubjectId; Type: FK CONSTRAINT; Schema: public; Owner: postgres
--

ALTER TABLE ONLY public."GroupSubjects"
    ADD CONSTRAINT "FK_GroupSubjects_TeacherSubjects_TeacherId_SubjectId" FOREIGN KEY ("TeacherId", "SubjectId") REFERENCES public."TeacherSubjects"("TeacherId", "SubjectId") ON DELETE CASCADE;


--
-- Name: GroupSubjects FK_GroupSubjects_Teachers_TeacherId; Type: FK CONSTRAINT; Schema: public; Owner: postgres
--

ALTER TABLE ONLY public."GroupSubjects"
    ADD CONSTRAINT "FK_GroupSubjects_Teachers_TeacherId" FOREIGN KEY ("TeacherId") REFERENCES public."Teachers"("Id") ON DELETE RESTRICT;


--
-- Name: ScheduleOverrides FK_ScheduleOverrides_ApplicationDaysOfWeek_SubstituteDayOfWeek~; Type: FK CONSTRAINT; Schema: public; Owner: postgres
--

ALTER TABLE ONLY public."ScheduleOverrides"
    ADD CONSTRAINT "FK_ScheduleOverrides_ApplicationDaysOfWeek_SubstituteDayOfWeek~" FOREIGN KEY ("SubstituteDayOfWeekId") REFERENCES public."ApplicationDaysOfWeek"("Id");


--
-- Name: ScheduleOverrides FK_ScheduleOverrides_Groups_GroupId; Type: FK CONSTRAINT; Schema: public; Owner: postgres
--

ALTER TABLE ONLY public."ScheduleOverrides"
    ADD CONSTRAINT "FK_ScheduleOverrides_Groups_GroupId" FOREIGN KEY ("GroupId") REFERENCES public."Groups"("Id");


--
-- Name: ScheduleOverrides FK_ScheduleOverrides_OverrideTypes_OverrideTypeId; Type: FK CONSTRAINT; Schema: public; Owner: postgres
--

ALTER TABLE ONLY public."ScheduleOverrides"
    ADD CONSTRAINT "FK_ScheduleOverrides_OverrideTypes_OverrideTypeId" FOREIGN KEY ("OverrideTypeId") REFERENCES public."OverrideTypes"("Id") ON DELETE CASCADE;


--
-- Name: Schedule FK_Schedule_ApplicationDaysOfWeek_ApplicationDayOfWeekId; Type: FK CONSTRAINT; Schema: public; Owner: postgres
--

ALTER TABLE ONLY public."Schedule"
    ADD CONSTRAINT "FK_Schedule_ApplicationDaysOfWeek_ApplicationDayOfWeekId" FOREIGN KEY ("ApplicationDayOfWeekId") REFERENCES public."ApplicationDaysOfWeek"("Id") ON DELETE CASCADE;


--
-- Name: Schedule FK_Schedule_Groups_GroupId; Type: FK CONSTRAINT; Schema: public; Owner: postgres
--

ALTER TABLE ONLY public."Schedule"
    ADD CONSTRAINT "FK_Schedule_Groups_GroupId" FOREIGN KEY ("GroupId") REFERENCES public."Groups"("Id") ON DELETE CASCADE;


--
-- Name: Schedule FK_Schedule_Pairs_PairId; Type: FK CONSTRAINT; Schema: public; Owner: postgres
--

ALTER TABLE ONLY public."Schedule"
    ADD CONSTRAINT "FK_Schedule_Pairs_PairId" FOREIGN KEY ("PairId") REFERENCES public."Pairs"("Id") ON DELETE CASCADE;


--
-- Name: Schedule FK_Schedule_Semesters_SemesterId; Type: FK CONSTRAINT; Schema: public; Owner: postgres
--

ALTER TABLE ONLY public."Schedule"
    ADD CONSTRAINT "FK_Schedule_Semesters_SemesterId" FOREIGN KEY ("SemesterId") REFERENCES public."Semesters"("Id") ON DELETE CASCADE;


--
-- Name: Schedule FK_Schedule_Subjects_SubjectId; Type: FK CONSTRAINT; Schema: public; Owner: postgres
--

ALTER TABLE ONLY public."Schedule"
    ADD CONSTRAINT "FK_Schedule_Subjects_SubjectId" FOREIGN KEY ("SubjectId") REFERENCES public."Subjects"("Id") ON DELETE CASCADE;


--
-- Name: Schedule FK_Schedule_Teachers_TeacherId; Type: FK CONSTRAINT; Schema: public; Owner: postgres
--

ALTER TABLE ONLY public."Schedule"
    ADD CONSTRAINT "FK_Schedule_Teachers_TeacherId" FOREIGN KEY ("TeacherId") REFERENCES public."Teachers"("Id") ON DELETE CASCADE;


--
-- Name: SubjectInfos FK_SubjectInfos_InfoTypes_InfoTypeId; Type: FK CONSTRAINT; Schema: public; Owner: postgres
--

ALTER TABLE ONLY public."SubjectInfos"
    ADD CONSTRAINT "FK_SubjectInfos_InfoTypes_InfoTypeId" FOREIGN KEY ("InfoTypeId") REFERENCES public."InfoTypes"("Id") ON DELETE CASCADE;


--
-- Name: SubjectInfos FK_SubjectInfos_Subjects_SubjectId; Type: FK CONSTRAINT; Schema: public; Owner: postgres
--

ALTER TABLE ONLY public."SubjectInfos"
    ADD CONSTRAINT "FK_SubjectInfos_Subjects_SubjectId" FOREIGN KEY ("SubjectId") REFERENCES public."Subjects"("Id") ON DELETE CASCADE;


--
-- Name: Subjects FK_Subjects_SubjectTypes_SubjectTypeId; Type: FK CONSTRAINT; Schema: public; Owner: postgres
--

ALTER TABLE ONLY public."Subjects"
    ADD CONSTRAINT "FK_Subjects_SubjectTypes_SubjectTypeId" FOREIGN KEY ("SubjectTypeId") REFERENCES public."SubjectTypes"("Id") ON DELETE CASCADE;


--
-- Name: TeacherInfos FK_TeacherInfos_InfoTypes_InfoTypeId; Type: FK CONSTRAINT; Schema: public; Owner: postgres
--

ALTER TABLE ONLY public."TeacherInfos"
    ADD CONSTRAINT "FK_TeacherInfos_InfoTypes_InfoTypeId" FOREIGN KEY ("InfoTypeId") REFERENCES public."InfoTypes"("Id") ON DELETE CASCADE;


--
-- Name: TeacherInfos FK_TeacherInfos_Teachers_TeacherId; Type: FK CONSTRAINT; Schema: public; Owner: postgres
--

ALTER TABLE ONLY public."TeacherInfos"
    ADD CONSTRAINT "FK_TeacherInfos_Teachers_TeacherId" FOREIGN KEY ("TeacherId") REFERENCES public."Teachers"("Id") ON DELETE CASCADE;


--
-- Name: TeacherSubjects FK_TeacherSubjects_SocialMediaTypes_SocialMediaTypesId; Type: FK CONSTRAINT; Schema: public; Owner: postgres
--

ALTER TABLE ONLY public."TeacherSubjects"
    ADD CONSTRAINT "FK_TeacherSubjects_SocialMediaTypes_SocialMediaTypesId" FOREIGN KEY ("SocialMediaTypesId") REFERENCES public."SocialMediaTypes"("Id");


--
-- Name: TeacherSubjects FK_TeacherSubjects_Subjects_SubjectId; Type: FK CONSTRAINT; Schema: public; Owner: postgres
--

ALTER TABLE ONLY public."TeacherSubjects"
    ADD CONSTRAINT "FK_TeacherSubjects_Subjects_SubjectId" FOREIGN KEY ("SubjectId") REFERENCES public."Subjects"("Id") ON DELETE CASCADE;


--
-- Name: TeacherSubjects FK_TeacherSubjects_Teachers_TeacherId; Type: FK CONSTRAINT; Schema: public; Owner: postgres
--

ALTER TABLE ONLY public."TeacherSubjects"
    ADD CONSTRAINT "FK_TeacherSubjects_Teachers_TeacherId" FOREIGN KEY ("TeacherId") REFERENCES public."Teachers"("Id") ON DELETE CASCADE;


--
-- Name: Users FK_Users_Groups_GroupId; Type: FK CONSTRAINT; Schema: public; Owner: postgres
--

ALTER TABLE ONLY public."Users"
    ADD CONSTRAINT "FK_Users_Groups_GroupId" FOREIGN KEY ("GroupId") REFERENCES public."Groups"("Id") ON DELETE CASCADE;


--
-- Name: Users FK_Users_Regions_RegionId; Type: FK CONSTRAINT; Schema: public; Owner: postgres
--

ALTER TABLE ONLY public."Users"
    ADD CONSTRAINT "FK_Users_Regions_RegionId" FOREIGN KEY ("RegionId") REFERENCES public."Regions"("Id") ON DELETE CASCADE;


--
-- PostgreSQL database dump complete
--

